{"cameraMode":{"drawMode":0,"name":"Shaded","section":"Shading Mode"},"sceneLighting":true,"audioPlay":false,"sceneViewState":{"m_AlwaysRefresh":false,"showFog":true,"showSkybox":true,"showFlares":true,"showImageEffects":true,"showParticleSystems":true,"showVisualEffectGraphs":true,"m_FxEnabled":true},"in2DMode":false,"pivot":{"x":5.388628005981445,"y":4.613479137420654,"z":3.9475321769714357},"rotation":{"x":0.16495274007320405,"y":-0.33019164204597475,"z":0.05872129276394844,"w":0.9275339841842651},"size":0.21675853431224824,"orthographic":false}